[{"_id":1, "compName":"vanilla", "compCatId":7},
 {"_id":2, "compName":"cherry dip", "compCatId":1},
 {"_id":3, "compName":"choc dip", "compCatId":1},
 {"_id":4, "compName":"no topping", "compCatId":1},
 {"_id":5, "compName":"oreo", "compCatId":1},
 {"_id":6, "compName":"PB dip", "compCatId":1},
 {"_id":7, "compName":"PB topping", "compCatId":1},
 {"_id":8, "compName":"pecans", "compCatId":1},
 {"_id":9, "compName":"peanuts", "compCatId":1},
 {"_id":10, "compName":"sprinkles", "compCatId":1},
 {"_id":11, "compName":"stem cherry", "compCatId":1},
 {"_id":12, "compName":"caramel", "compCatId":1},
 {"_id":13, "compName":"cookie dough", "compCatId":1},
 {"_id":14, "compName":"thin mint", "compCatId":1},
 {"_id":15, "compName":"hot fudge", "compCatId":1},
 {"_id":16, "compName":"m&m", "compCatId":1},
 {"_id":17, "compName":"marshmallow", "compCatId":1},
 {"_id":18, "compName":"pineapple", "compCatId":1},
 {"_id":19, "compName":"PB cup", "compCatId":1},
 {"_id":20, "compName":"strawberry", "compCatId":1},
 {"_id":21, "compName":"whipped cream", "compCatId":1},
 {"_id":22, "compName":"blue raspberry", "compCatId":2},
 {"_id":23, "compName":"bubble gum", "compCatId":2},
 {"_id":24, "compName":"cherry", "compCatId":2},
 {"_id":25, "compName":"grape", "compCatId":2},
 {"_id":26, "compName":"lemon", "compCatId":2},
 {"_id":27, "compName":"lime", "compCatId":2},
 {"_id":28, "compName":"pineapple", "compCatId":2},
 {"_id":29, "compName":"strawberry", "compCatId":2},
 {"_id":30, "compName":"tigers blood", "compCatId":2},
 {"_id":31, "compName":"watermelon", "compCatId":2},
 {"_id":32, "compName":"rootbeer", "compCatId":2},
 {"_id":33, "compName":"banana", "compCatId":3},
 {"_id":34, "compName":"brownie", "compCatId":4},
 {"_id":35, "compName":"biscuit", "compCatId":4},
 {"_id":36, "compName":"cookie", "compCatId":4},
 {"_id":37, "compName":"short napkin", "compCatId":5},
 {"_id":38, "compName":"tall napkin", "compCatId":5},
 {"_id":39, "compName":"popsicle stick", "compCatId":10},
 {"_id":40, "compName":"short spoon", "compCatId":13},
 {"_id":41, "compName":"long spoon", "compCatId":13},
 {"_id":42, "compName":"short straw", "compCatId":16},
 {"_id":43, "compName":"tall straw", "compCatId":16},
 {"_id":44, "compName":"12 oz cup", "compCatId":14},
 {"_id":45, "compName":"12 oz lid", "compCatId":15},
 {"_id":46, "compName":"20 oz cup", "compCatId":14},
 {"_id":47, "compName":"20 oz lid", "compCatId":15},
 {"_id":48, "compName":"32 oz cup", "compCatId":14},
 {"_id":49, "compName":"32 oz lid", "compCatId":15},
 {"_id":50, "compName":"6 oz dish", "compCatId":14},
 {"_id":51, "compName":"10 oz dish", "compCatId":14},
 {"_id":52, "compName":"12 oz dish", "compCatId":14},
 {"_id":53, "compName":"#10 cone", "compCatId":12},
 {"_id":54, "compName":"#30 cone", "compCatId":12},
 {"_id":55, "compName":"waffle cone", "compCatId":12},
 {"_id":56, "compName":"sugar", "compCatId":8},
 {"_id":57, "compName":"coke", "compCatId":9},
 {"_id":58, "compName":"sprite", "compCatId":9},
 {"_id":59, "compName":"orange crush", "compCatId":9},
 {"_id":60, "compName":"dr. pepper", "compCatId":9},
 {"_id":61, "compName":"rootbeer", "compCatId":9},
 {"_id":62, "compName":"water", "compCatId":9},
 {"_id":63, "compName":"slush", "compCatId":11},
 {"_id":64, "compName":"milk", "compCatId":8},
 {"_id":65, "compName":"chocolate", "compCatId":7},
 {"_id":66, "compName":"vanilla", "compCatId":7},
 {"_id":67, "compName":"strawberry", "compCatId":7},
 {"_id":68, "compName":"coffee", "compCatId":7},
 {"_id":69, "compName":"pint", "compCatId":10},
 {"_id":70, "compName":"monkey tail", "compCatId":10},
 {"_id":71, "compName":"16 oz dish", "compCatId":14},
 {"_id":72, "compName":"strawberry", "compCatId":18},
 {"_id":73, "compName":"pineapple", "compCatId":18},
 {"_id":74, "compName":"vanilla", "compCatId":19},
 {"_id":75, "compName":"chocolate", "compCatId":19}]