[{"_id":4, "compCatName":"baked good"},
 {"_id":9, "compCatName":"beverage"},
 {"_id":12, "compCatName":"cone"},
 {"_id":3, "compCatName":"container"},
 {"_id":14, "compCatName":"cup"},
 {"_id":2, "compCatName":"flavor"},
 {"_id":18, "compCatName":"fruit"},
 {"_id":7, "compCatName":"ice cream base"},
 {"_id":8, "compCatName":"ingredient"},
 {"_id":15, "compCatName":"lid"},
 {"_id":17, "compCatName":"novelty"},
 {"_id":10, "compCatName":"other"},
 {"_id":5, "compCatName":"paper product"},
 {"_id":19, "compCatName":"pint"},
 {"_id":6, "compCatName":"plastic product"},
 {"_id":11, "compCatName":"slushie base"},
 {"_id":13, "compCatName":"spoon"},
 {"_id":16, "compCatName":"straw"},
 {"_id":1, "compCatName":"topping"}]
