[{"_id":1, "firstName":"Corky", "lastName":"Cartwright", "DOB":"1970-01-01", "phone":"713-555-1234"},
 {"_id":2, "firstName":"Swarat", "lastName":"Chaudhuri", "DOB":"1975-07-10", "phone":"713-555-7654"},
 {"_id":3, "firstName":"Keith", "lastName":"Cooper", "DOB":"1980-03-16", "phone":"713-555-4455"},
 {"_id":4, "firstName":"Alan", "lastName":"Cox", "DOB":"1982-04-27", "phone":"713-555-8790"},
 {"_id":5, "firstName":"Ron", "lastName":"Goldman", "DOB":"1988-04-29", "phone":"713-555-2333"},
 {"_id":6, "firstName":"John", "lastName":"Greiner", "DOB":"1976-05-22", "phone":"713-555-5477"},
 {"_id":7, "firstName":"Chris", "lastName":"Jermaine", "DOB":"1989-12-06", "phone":"832-555-7732"},
 {"_id":8, "firstName":"Dave", "lastName":"Johnson", "DOB":"1981-11-03", "phone":"713-555-5987"},
 {"_id":9, "firstName":"Lydia", "lastName":"Kavraki", "DOB":"1974-09-17", "phone":"713-555-3451"},
 {"_id":10, "firstName":"John", "lastName":"Mellor-Crummey", "DOB":"1986-08-31", "phone":"713-555-8521"},
 {"_id":11, "firstName":"Luay", "lastName":"Nakhleh", "DOB":"1975-06-25", "phone":"281-555-6641"},
 {"_id":12, "firstName":"Eugene", "lastName":"Ng", "DOB":"1981-07-23", "phone":"713-555-1231"},
 {"_id":13, "firstName":"Krishna", "lastName":"Palem", "DOB":"1980-04-19", "phone":"832-555-1243"},
 {"_id":14, "firstName":"Scott", "lastName":"Rixner", "DOB":"1990-05-18", "phone":"713-555-3254"},
 {"_id":15, "firstName":"Anshu", "lastName":"Shrivastava", "DOB":"1987-02-15", "phone":"713-555-6732"},
 {"_id":16, "firstName":"Devika", "lastName":"Subramanian", "DOB":"1985-01-18", "phone":"713-555-3155"},
 {"_id":17, "firstName":"Moshe", "lastName":"Vardi", "DOB":"1971-10-31", "phone":"832-555-0034"},
 {"_id":18, "firstName":"Dan", "lastName":"Wallach", "DOB":"1977-11-21", "phone":"713-555-3209"},
 {"_id":19, "firstName":"Joe", "lastName":"Warren", "DOB":"1988-12-13", "phone":"713-555-7631"},
 {"_id":20, "firstName":"Stephen", "lastName":"Wong", "DOB":"1990-01-30", "phone":"713-555-4323"},
 {"_id":21, "firstName":"David", "lastName":"Leebron", "DOB":"1970-07-04", "phone":"281-555-9000"}]