[{"_id":1, "eventId":1, "employeeId":4},
 {"_id":2, "eventId":1, "employeeId":13},
 {"_id":3, "eventId":2, "employeeId":3},
 {"_id":4, "eventId":2, "employeeId":8},
 {"_id":5, "eventId":3, "employeeId":7},
 {"_id":6, "eventId":3, "employeeId":16},
 {"_id":7, "eventId":4, "employeeId":9},
 {"_id":8, "eventId":4, "employeeId":12},
 {"_id":9, "eventId":5, "employeeId":2},
 {"_id":10, "eventId":5, "employeeId":9},
 {"_id":11, "eventId":6, "employeeId":6},
 {"_id":12, "eventId":6, "employeeId":9},
 {"_id":13, "eventId":7, "employeeId":1},
 {"_id":14, "eventId":7, "employeeId":2},
 {"_id":15, "eventId":8, "employeeId":3},
 {"_id":16, "eventId":8, "employeeId":18},
 {"_id":17, "eventId":9, "employeeId":11},
 {"_id":18, "eventId":9, "employeeId":12},
 {"_id":19, "eventId":10, "employeeId":4},
 {"_id":20, "eventId":10, "employeeId":19},
 {"_id":21, "eventId":11, "employeeId":18},
 {"_id":22, "eventId":11, "employeeId":21},
 {"_id":23, "eventId":12, "employeeId":13},
 {"_id":24, "eventId":12, "employeeId":19},
 {"_id":25, "eventId":13, "employeeId":17},
 {"_id":26, "eventId":13, "employeeId":20},
 {"_id":27, "eventId":14, "employeeId":4},
 {"_id":28, "eventId":14, "employeeId":18},
 {"_id":29, "eventId":15, "employeeId":10},
 {"_id":30, "eventId":15, "employeeId":12},
 {"_id":31, "eventId":16, "employeeId":11},
 {"_id":32, "eventId":16, "employeeId":18},
 {"_id":33, "eventId":17, "employeeId":2},
 {"_id":34, "eventId":17, "employeeId":15},
 {"_id":35, "eventId":18, "employeeId":12},
 {"_id":36, "eventId":18, "employeeId":19},
 {"_id":37, "eventId":19, "employeeId":8},
 {"_id":38, "eventId":19, "employeeId":19},
 {"_id":39, "eventId":20, "employeeId":5},
 {"_id":40, "eventId":20, "employeeId":20},
 {"_id":41, "eventId":21, "employeeId":5},
 {"_id":42, "eventId":21, "employeeId":19},
 {"_id":43, "eventId":22, "employeeId":6},
 {"_id":44, "eventId":22, "employeeId":8},
 {"_id":45, "eventId":23, "employeeId":15},
 {"_id":46, "eventId":23, "employeeId":21},
 {"_id":47, "eventId":24, "employeeId":7},
 {"_id":48, "eventId":24, "employeeId":9},
 {"_id":49, "eventId":25, "employeeId":3},
 {"_id":50, "eventId":25, "employeeId":7},
 {"_id":51, "eventId":26, "employeeId":8},
 {"_id":52, "eventId":26, "employeeId":14},
 {"_id":53, "eventId":27, "employeeId":6},
 {"_id":54, "eventId":27, "employeeId":7},
 {"_id":55, "eventId":28, "employeeId":3},
 {"_id":56, "eventId":28, "employeeId":18},
 {"_id":57, "eventId":29, "employeeId":3},
 {"_id":58, "eventId":29, "employeeId":5},
 {"_id":59, "eventId":30, "employeeId":5},
 {"_id":60, "eventId":30, "employeeId":21},
 {"_id":61, "eventId":31, "employeeId":12},
 {"_id":62, "eventId":31, "employeeId":14},
 {"_id":63, "eventId":32, "employeeId":12},
 {"_id":64, "eventId":32, "employeeId":20},
 {"_id":65, "eventId":33, "employeeId":16},
 {"_id":66, "eventId":33, "employeeId":17},
 {"_id":67, "eventId":34, "employeeId":19},
 {"_id":68, "eventId":34, "employeeId":20},
 {"_id":69, "eventId":35, "employeeId":6},
 {"_id":70, "eventId":35, "employeeId":19},
 {"_id":71, "eventId":36, "employeeId":12},
 {"_id":72, "eventId":36, "employeeId":13},
 {"_id":73, "eventId":37, "employeeId":5},
 {"_id":74, "eventId":37, "employeeId":20},
 {"_id":75, "eventId":38, "employeeId":2},
 {"_id":76, "eventId":38, "employeeId":12},
 {"_id":77, "eventId":39, "employeeId":2},
 {"_id":78, "eventId":39, "employeeId":17},
 {"_id":79, "eventId":40, "employeeId":7},
 {"_id":80, "eventId":40, "employeeId":21},
 {"_id":81, "eventId":41, "employeeId":2},
 {"_id":82, "eventId":41, "employeeId":17},
 {"_id":83, "eventId":42, "employeeId":3},
 {"_id":84, "eventId":42, "employeeId":10},
 {"_id":85, "eventId":43, "employeeId":2},
 {"_id":86, "eventId":43, "employeeId":17},
 {"_id":87, "eventId":44, "employeeId":3},
 {"_id":88, "eventId":44, "employeeId":15},
 {"_id":89, "eventId":45, "employeeId":5},
 {"_id":90, "eventId":45, "employeeId":9},
 {"_id":91, "eventId":46, "employeeId":6},
 {"_id":92, "eventId":46, "employeeId":19},
 {"_id":93, "eventId":47, "employeeId":1},
 {"_id":94, "eventId":47, "employeeId":17},
 {"_id":95, "eventId":48, "employeeId":2},
 {"_id":96, "eventId":48, "employeeId":17},
 {"_id":97, "eventId":49, "employeeId":2},
 {"_id":98, "eventId":49, "employeeId":5},
 {"_id":99, "eventId":50, "employeeId":5},
 {"_id":100, "eventId":50, "employeeId":14},
 {"_id":101, "eventId":51, "employeeId":1},
 {"_id":102, "eventId":51, "employeeId":20},
 {"_id":103, "eventId":52, "employeeId":11},
 {"_id":104, "eventId":52, "employeeId":20},
 {"_id":105, "eventId":53, "employeeId":16},
 {"_id":106, "eventId":53, "employeeId":19},
 {"_id":107, "eventId":54, "employeeId":4},
 {"_id":108, "eventId":54, "employeeId":7},
 {"_id":109, "eventId":55, "employeeId":7},
 {"_id":110, "eventId":55, "employeeId":10},
 {"_id":111, "eventId":56, "employeeId":3},
 {"_id":112, "eventId":56, "employeeId":15},
 {"_id":113, "eventId":57, "employeeId":9},
 {"_id":114, "eventId":57, "employeeId":11},
 {"_id":115, "eventId":58, "employeeId":11},
 {"_id":116, "eventId":58, "employeeId":15},
 {"_id":117, "eventId":59, "employeeId":17},
 {"_id":118, "eventId":59, "employeeId":20},
 {"_id":119, "eventId":60, "employeeId":10},
 {"_id":120, "eventId":60, "employeeId":12},
 {"_id":121, "eventId":61, "employeeId":5},
 {"_id":122, "eventId":61, "employeeId":11},
 {"_id":123, "eventId":62, "employeeId":17},
 {"_id":124, "eventId":62, "employeeId":21},
 {"_id":125, "eventId":5, "employeeId":7},
 {"_id":126, "eventId":5, "employeeId":12},
 {"_id":127, "eventId":44, "employeeId":20},
 {"_id":128, "eventId":39, "employeeId":11},
 {"_id":129, "eventId":39, "employeeId":1}]