[{"_id":1, "eventName":"GSA Coffee Break", "eventStart":"2017-01-19 13:00:00", "eventEnd":"2017-01-19 15:30:00", "locationId":7, "menuId":2},
 {"_id":2, "eventName":"GSA Coffee Break", "eventStart":"2017-02-02 15:00:00", "eventEnd":"2017-02-02 16:30:00", "locationId":7, "menuId":2},
 {"_id":3, "eventName":"GSA Coffee Break", "eventStart":"2017-02-23 13:00:00", "eventEnd":"2017-02-23 15:30:00", "locationId":7, "menuId":2},
 {"_id":4, "eventName":"GSA Coffee Break", "eventStart":"2017-03-09 15:00:00", "eventEnd":"2017-03-09 16:30:00", "locationId":7, "menuId":2},
 {"_id":5, "eventName":"Valhalloween", "eventStart":"2016-10-31 19:00:00", "eventEnd":"2016-11-01 02:00:00", "locationId":1, "menuId":1},
 {"_id":6, "eventName":"GSA Picnic", "eventStart":"2017-03-31 19:00:00", "eventEnd":"2017-03-31 23:59:00", "locationId":1, "menuId":3},
 {"_id":7, "eventName":"GSA Study Break", "eventStart":"2017-02-16 19:00:00", "eventEnd":"2017-02-16 21:00:00", "locationId":8, "menuId":4},
 {"_id":8, "eventName":"Commencement", "eventStart":"2017-05-13 10:00:00", "eventEnd":"2017-05-13 16:00:00", "locationId":9, "menuId":1},
 {"_id":9, "eventName":"Hooding", "eventStart":"2017-06-16 14:00:00", "eventEnd":"2017-06-16 16:00:00", "locationId":12, "menuId":1},
 {"_id":10, "eventName":"Pi Day", "eventStart":"2017-03-14 11:00:00", "eventEnd":"2017-03-14 13:00:00", "locationId":9, "menuId":1},
 {"_id":11, "eventName":"Wedding", "eventStart":"2017-08-19 17:00:00", "eventEnd":"2017-08-19 23:00:00", "locationId":10, "menuId":2},
 {"_id":12, "eventName":"Baker College Study Break", "eventStart":"2017-04-03 19:00:00", "eventEnd":"2017-04-03 21:00:00", "locationId":22, "menuId":4},
 {"_id":13, "eventName":"Brown College Study Break", "eventStart":"2017-04-07 19:00:00", "eventEnd":"2017-04-07 21:00:00", "locationId":23, "menuId":4},
 {"_id":14, "eventName":"Duncan College Study Break", "eventStart":"2017-04-05 19:00:00", "eventEnd":"2017-04-05 21:00:00", "locationId":24, "menuId":2},
 {"_id":15, "eventName":"Hanszen College Study Break", "eventStart":"2017-04-06 19:00:00", "eventEnd":"2017-04-06 21:00:00", "locationId":25, "menuId":2},
 {"_id":16, "eventName":"Jones College Study Break", "eventStart":"2017-04-12 19:00:00", "eventEnd":"2017-04-12 21:00:00", "locationId":26, "menuId":4},
 {"_id":17, "eventName":"Lovett College Study Break", "eventStart":"2017-04-13 19:00:00", "eventEnd":"2017-04-13 21:00:00", "locationId":27, "menuId":2},
 {"_id":18, "eventName":"Martel College Study Break", "eventStart":"2017-04-14 19:00:00", "eventEnd":"2017-04-14 21:00:00", "locationId":28, "menuId":2},
 {"_id":19, "eventName":"McMurty College Study Break", "eventStart":"2017-04-15 14:00:00", "eventEnd":"2017-04-15 17:00:00", "locationId":29, "menuId":3},
 {"_id":20, "eventName":"GSA Study Break", "eventStart":"2017-04-15 19:00:00", "eventEnd":"2017-04-15 22:00:00", "locationId":1, "menuId":4},
 {"_id":21, "eventName":"Sid Richardson College Study Break", "eventStart":"2017-04-27 19:00:00", "eventEnd":"2017-04-27 21:00:00", "locationId":30, "menuId":2},
 {"_id":22, "eventName":"Weiss College Study Break", "eventStart":"2017-04-26 19:00:00", "eventEnd":"2017-04-26 21:00:00", "locationId":31, "menuId":2},
 {"_id":23, "eventName":"Will Rice College Study Break", "eventStart":"2017-03-29 19:00:00", "eventEnd":"2017-03-29 21:00:00", "locationId":32, "menuId":2},
 {"_id":24, "eventName":"Career Fair", "eventStart":"2017-03-16 10:00:00", "eventEnd":"2017-03-16 16:00:00", "locationId":11, "menuId":3},
 {"_id":25, "eventName":"Data Science Conference", "eventStart":"2017-02-20 12:00:00", "eventEnd":"2017-02-20 16:00:00", "locationId":3, "menuId":3},
 {"_id":26, "eventName":"90 Second Thesis Competition", "eventStart":"2017-04-20 19:00:00", "eventEnd":"2017-04-20 21:00:00", "locationId":3, "menuId":3},
 {"_id":27, "eventName":"Valhalla Food Truck Night", "eventStart":"2017-06-15 16:00:00", "eventEnd":"2017-06-15 21:00:00", "locationId":1, "menuId":1},
 {"_id":28, "eventName":"Jones Food Truck Night", "eventStart":"2017-06-22 16:00:00", "eventEnd":"2017-06-22 21:00:00", "locationId":26, "menuId":1},
 {"_id":29, "eventName":"BRC Food Truck Night", "eventStart":"2017-06-29 16:00:00", "eventEnd":"2017-06-29 21:00:00", "locationId":13, "menuId":1},
 {"_id":30, "eventName":"RGA Food Truck Night", "eventStart":"2017-07-12 16:00:00", "eventEnd":"2017-07-12 21:00:00", "locationId":4, "menuId":1},
 {"_id":31, "eventName":"Rice Village Apt Food Truck Night", "eventStart":"2017-07-17 16:00:00", "eventEnd":"2017-07-17 21:00:00", "locationId":5, "menuId":1},
 {"_id":32, "eventName":"BRC Blood Drive", "eventStart":"2017-05-05 11:00:00", "eventEnd":"2017-05-05 15:00:00", "locationId":13, "menuId":3},
 {"_id":33, "eventName":"Stone Brewery Tap Takeover", "eventStart":"2017-05-11 16:00:00", "eventEnd":"2017-05-12 02:00:00", "locationId":1, "menuId":1},
 {"_id":34, "eventName":"St. Arnolds Tap Takeover", "eventStart":"2017-05-03 16:00:00", "eventEnd":"2017-05-04 02:00:00", "locationId":1, "menuId":1},
 {"_id":35, "eventName":"Brash Tap Takeover", "eventStart":"2017-05-08 16:00:00", "eventEnd":"2017-05-09 02:00:00", "locationId":1, "menuId":1},
 {"_id":36, "eventName":"Karbach Tap Takeover", "eventStart":"2017-05-17 16:00:00", "eventEnd":"2017-05-18 02:00:00", "locationId":1, "menuId":1},
 {"_id":37, "eventName":"Magic Hat Tap Takeover", "eventStart":"2017-05-24 16:00:00", "eventEnd":"2017-05-25 02:00:00", "locationId":1, "menuId":1},
 {"_id":38, "eventName":"Powder Puff Game", "eventStart":"2017-04-08 15:30:00", "eventEnd":"2017-04-08 17:30:00", "locationId":11, "menuId":3},
 {"_id":39, "eventName":"Beer Bike", "eventStart":"2016-04-01 10:00:00", "eventEnd":"2016-04-01 11:59:00", "locationId":2, "menuId":1},
 {"_id":40, "eventName":"GSA Culture Night", "eventStart":"2017-03-10 15:30:00", "eventEnd":"2017-03-10 23:30:00", "locationId":1, "menuId":1},
 {"_id":41, "eventName":"GSA Spring Picnic", "eventStart":"2017-03-24 15:30:00", "eventEnd":"2017-03-24 23:30:00", "locationId":1, "menuId":3},
 {"_id":42, "eventName":"GSA Fall Picnic", "eventStart":"2017-09-15 15:30:00", "eventEnd":"2017-09-15 23:30:00", "locationId":1, "menuId":3},
 {"_id":43, "eventName":"Badging", "eventStart":"2017-08-16 08:00:00", "eventEnd":"2017-08-16 17:00:00", "locationId":20, "menuId":3},
 {"_id":44, "eventName":"Art Opening", "eventStart":"2017-01-18 11:30:00", "eventEnd":"2017-01-18 23:30:00", "locationId":21, "menuId":1},
 {"_id":45, "eventName":"Performance", "eventStart":"2017-04-28 18:30:00", "eventEnd":"2017-04-28 23:30:00", "locationId":21, "menuId":1},
 {"_id":46, "eventName":"GSA Movie Night", "eventStart":"2017-06-14 18:30:00", "eventEnd":"2017-06-14 23:00:00", "locationId":9, "menuId":1},
 {"_id":47, "eventName":"Sid Rich Movie Night", "eventStart":"2017-05-09 18:30:00", "eventEnd":"2017-05-09 23:00:00", "locationId":30, "menuId":1},
 {"_id":48, "eventName":"Hanszen Movie Night", "eventStart":"2017-05-10 18:30:00", "eventEnd":"2017-05-10 23:00:00", "locationId":25, "menuId":1},
 {"_id":49, "eventName":"Orientation Picnic", "eventStart":"2017-08-12 11:30:00", "eventEnd":"2017-08-12 14:30:00", "locationId":1, "menuId":3},
 {"_id":50, "eventName":"Activities Fair", "eventStart":"2017-08-12 15:00:00", "eventEnd":"2017-08-12 23:00:00", "locationId":14, "menuId":3},
 {"_id":51, "eventName":"Freshman Visit", "eventStart":"2017-04-04 18:30:00", "eventEnd":"2017-04-04 23:00:00", "locationId":27, "menuId":1},
 {"_id":52, "eventName":"Research Colloquium", "eventStart":"2017-08-30 11:30:00", "eventEnd":"2017-08-30 15:00:00", "locationId":18, "menuId":1},
 {"_id":53, "eventName":"Grad Games", "eventStart":"2017-09-07 18:30:00", "eventEnd":"2017-09-07 23:00:00", "locationId":7, "menuId":2},
 {"_id":54, "eventName":"Study Break", "eventStart":"2017-09-13 17:30:00", "eventEnd":"2017-09-13 22:00:00", "locationId":6, "menuId":2},
 {"_id":55, "eventName":"Football Game", "eventStart":"2017-09-09 13:30:00", "eventEnd":"2017-09-09 18:00:00", "locationId":17, "menuId":3},
 {"_id":56, "eventName":"Partio", "eventStart":"2017-09-22 16:00:00", "eventEnd":"2017-09-22 23:00:00", "locationId":19, "menuId":4},
 {"_id":57, "eventName":"Hackathon", "eventStart":"2017-10-14 11:30:00", "eventEnd":"2017-10-14 23:00:00", "locationId":3, "menuId":1},
 {"_id":58, "eventName":"Sid Rich College Study Break", "eventStart":"2017-04-16 20:00:00", "eventEnd":"2017-04-16 23:00:00", "locationId":30, "menuId":3},
 {"_id":59, "eventName":"Weiss College Study Break", "eventStart":"2017-04-09 12:00:00", "eventEnd":"2017-04-09 15:30:00", "locationId":31, "menuId":3},
 {"_id":60, "eventName":"CS Study Break", "eventStart":"2017-09-14 15:30:00", "eventEnd":"2017-09-14 23:30:00", "locationId":3, "menuId":3},
 {"_id":61, "eventName":"Intramural Sport Xtravaganza", "eventStart":"2017-09-16 10:30:00", "eventEnd":"2017-09-16 17:30:00", "locationId":11, "menuId":3},
 {"_id":62, "eventName":"Will Rice College Study Break", "eventStart":"2017-04-10 20:00:00", "eventEnd":"2017-04-11 01:30:00", "locationId":32, "menuId":3}]