[{"_id":1, "locationName":"Valhalla", "locationAddress":"6100 Main Street", "locationCity":"Houston", "locationState":"TX", "locationZip":"77005"},
 {"_id":2, "locationName":"Beer Bike Track", "locationAddress":"Bike Track", "locationCity":"Houston", "locationState":"TX", "locationZip":"77005"},
 {"_id":3, "locationName":"Duncan Hall", "locationAddress":"6100 Main St", "locationCity":"Houston", "locationState":"TX", "locationZip":"77005"},
 {"_id":4, "locationName":"RGA", "locationAddress":"1515 Bissonnet St", "locationCity":"Houston", "locationState":"TX", "locationZip":"77005"},
 {"_id":5, "locationName":"Rice Village Apartments", "locationAddress":"2410 Shakespeare St", "locationCity":"Houston", "locationState":"TX", "locationZip":"77030"},
 {"_id":6, "locationName":"Fondren Library", "locationAddress":"6100 Main St", "locationCity":"Houston", "locationState":"TX", "locationZip":"77005"},
 {"_id":7, "locationName":"RMC", "locationAddress":"Inner Loop", "locationCity":"Houston", "locationState":"TX", "locationZip":"77005"},
 {"_id":8, "locationName":"Academic Quad", "locationAddress":"6100 Main St", "locationCity":"Houston", "locationState":"TX", "locationZip":"77005"},
 {"_id":9, "locationName":"Founders Court", "locationAddress":"6100 Main St", "locationCity":"Houston", "locationState":"TX", "locationZip":"77005"},
 {"_id":10, "locationName":"Turrell Skyscape", "locationAddress":"Suzanne Deal Booth Centennial Pavilion", "locationCity":"Houston", "locationState":"TX", "locationZip":"77005"},
 {"_id":11, "locationName":"Gibbs Recreation and Wellness Center", "locationAddress":"6100 Main St", "locationCity":"Houston", "locationState":"TX", "locationZip":"77005"},
 {"_id":12, "locationName":"Shepard School of Music", "locationAddress":"6100 Main St", "locationCity":"Houston", "locationState":"TX", "locationZip":"77005"},
 {"_id":13, "locationName":"BRC", "locationAddress":"6500 Main St", "locationCity":"Houston", "locationState":"TX", "locationZip":"77005"},
 {"_id":14, "locationName":"Brochstein Pavilion", "locationAddress":"Center of Campus", "locationCity":"Houston", "locationState":"TX", "locationZip":"77005"},
 {"_id":15, "locationName":"Center for Career Development", "locationAddress":"Huff House", "locationCity":"Houston", "locationState":"TX", "locationZip":"77005"},
 {"_id":16, "locationName":"Coffeehouse", "locationAddress":"RMC RTV5", "locationCity":"Houston", "locationState":"TX", "locationZip":"77005"},
 {"_id":17, "locationName":"Rice Stadium", "locationAddress":"Westmost campus", "locationCity":"Houston", "locationState":"TX", "locationZip":"77005"},
 {"_id":18, "locationName":"BRC", "locationAddress":"6500 Main St", "locationCity":"Houston", "locationState":"TX", "locationZip":"77005"},
 {"_id":19, "locationName":"Jones School", "locationAddress":"1900 Rice Boulevard", "locationCity":"Houston", "locationState":"TX", "locationZip":"77005"},
 {"_id":20, "locationName":"RUPD", "locationAddress":"6100 Main St MS-551", "locationCity":"Houston", "locationState":"TX", "locationZip":"77005"},
 {"_id":21, "locationName":"Moody Center for the Arts", "locationAddress":"Campus Entrance 8", "locationCity":"Houston", "locationState":"TX", "locationZip":"77005"},
 {"_id":22, "locationName":"Baker College", "locationAddress":"6320 Main St", "locationCity":"Houston", "locationState":"TX", "locationZip":"77005"},
 {"_id":23, "locationName":"Brown College", "locationAddress":"9 Sunset Blvd", "locationCity":"Houston", "locationState":"TX", "locationZip":"77005"},
 {"_id":24, "locationName":"Duncan College", "locationAddress":"1601 Rice Blvd", "locationCity":"Houston", "locationState":"TX", "locationZip":"77005"},
 {"_id":25, "locationName":"Hanszen College", "locationAddress":"6350 Main St", "locationCity":"Houston", "locationState":"TX", "locationZip":"77005"},
 {"_id":26, "locationName":"Jones College", "locationAddress":"23 Sunset Blvd", "locationCity":"Houston", "locationState":"TX", "locationZip":"77005"},
 {"_id":27, "locationName":"Lovett College", "locationAddress":"6310 Main St", "locationCity":"Houston", "locationState":"TX", "locationZip":"77005"},
 {"_id":28, "locationName":"Martel College", "locationAddress":"399 Sunset Blvd", "locationCity":"Houston", "locationState":"TX", "locationZip":"77005"},
 {"_id":29, "locationName":"McMurtry College", "locationAddress":"1605 Rice Blvd", "locationCity":"Houston", "locationState":"TX", "locationZip":"77005"},
 {"_id":30, "locationName":"Sid Richardson College", "locationAddress":"6360 Main St", "locationCity":"Houston", "locationState":"TX", "locationZip":"77005"},
 {"_id":31, "locationName":"Weiss College", "locationAddress":"6340 Main St", "locationCity":"Houston", "locationState":"TX", "locationZip":"77005"},
 {"_id":32, "locationName":"Will Rice College", "locationAddress":"6330 Main St", "locationCity":"Houston", "locationState":"TX", "locationZip":"77005"}]