[{"_id":1, "menuId":1, "productCode":"b", "price":8.0},
 {"_id":2, "menuId":1, "productCode":"bf", "price":6.0},
 {"_id":3, "menuId":1, "productCode":"bs", "price":7.0},
 {"_id":4, "menuId":1, "productCode":"c1", "price":3.0},
 {"_id":5, "menuId":1, "productCode":"c2", "price":4.0},
 {"_id":6, "menuId":1, "productCode":"c3", "price":5.0},
 {"_id":7, "menuId":1, "productCode":"cx", "price":0.5},
 {"_id":8, "menuId":1, "productCode":"wc", "price":6.0},
 {"_id":9, "menuId":1, "productCode":"d1", "price":3.0},
 {"_id":10, "menuId":1, "productCode":"d2", "price":4.0},
 {"_id":11, "menuId":1, "productCode":"d3", "price":5.0},
 {"_id":12, "menuId":1, "productCode":"dx", "price":2.0},
 {"_id":13, "menuId":1, "productCode":"dk", "price":0.75},
 {"_id":14, "menuId":1, "productCode":"fl", "price":6.0},
 {"_id":15, "menuId":1, "productCode":"ms", "price":6.0},
 {"_id":16, "menuId":1, "productCode":"mt", "price":5.0},
 {"_id":17, "menuId":1, "productCode":"pt", "price":6.0},
 {"_id":18, "menuId":1, "productCode":"s1", "price":5.0},
 {"_id":19, "menuId":1, "productCode":"s2", "price":6.0},
 {"_id":20, "menuId":1, "productCode":"sx", "price":0.5},
 {"_id":21, "menuId":1, "productCode":"sl1", "price":3.0},
 {"_id":22, "menuId":1, "productCode":"sl2", "price":4.0},
 {"_id":23, "menuId":1, "productCode":"sl3", "price":5.0},
 {"_id":24, "menuId":1, "productCode":"slx", "price":0.25},
 {"_id":25, "menuId":1, "productCode":"ss", "price":7.0},
 {"_id":26, "menuId":1, "productCode":"ts", "price":7.0},
 {"_id":27, "menuId":2, "productCode":"bf", "price":4.0},
 {"_id":28, "menuId":2, "productCode":"c1", "price":2.0},
 {"_id":29, "menuId":2, "productCode":"c2", "price":3.0},
 {"_id":30, "menuId":2, "productCode":"c3", "price":4.0},
 {"_id":31, "menuId":2, "productCode":"cx", "price":0.25},
 {"_id":32, "menuId":2, "productCode":"d1", "price":2.0},
 {"_id":33, "menuId":2, "productCode":"d2", "price":3.0},
 {"_id":34, "menuId":2, "productCode":"d3", "price":4.0},
 {"_id":35, "menuId":2, "productCode":"dx", "price":0.25},
 {"_id":36, "menuId":2, "productCode":"dk", "price":1.0},
 {"_id":37, "menuId":2, "productCode":"fl", "price":4.0},
 {"_id":38, "menuId":2, "productCode":"ms", "price":4.0},
 {"_id":39, "menuId":2, "productCode":"s1", "price":4.0},
 {"_id":40, "menuId":2, "productCode":"s2", "price":5.0},
 {"_id":41, "menuId":2, "productCode":"sx", "price":0.5},
 {"_id":42, "menuId":2, "productCode":"sl1", "price":2.0},
 {"_id":43, "menuId":2, "productCode":"sl2", "price":3.0},
 {"_id":44, "menuId":2, "productCode":"sl3", "price":4.0},
 {"_id":45, "menuId":2, "productCode":"slx", "price":0.25},
 {"_id":46, "menuId":3, "productCode":"bf", "price":8.0},
 {"_id":47, "menuId":3, "productCode":"c1", "price":3.0},
 {"_id":48, "menuId":3, "productCode":"c2", "price":4.0},
 {"_id":49, "menuId":3, "productCode":"c3", "price":5.0},
 {"_id":50, "menuId":3, "productCode":"cx", "price":0.5},
 {"_id":51, "menuId":3, "productCode":"d1", "price":3.0},
 {"_id":52, "menuId":3, "productCode":"d2", "price":4.0},
 {"_id":53, "menuId":3, "productCode":"d3", "price":5.0},
 {"_id":54, "menuId":3, "productCode":"dx", "price":0.5},
 {"_id":55, "menuId":3, "productCode":"dk", "price":2.0},
 {"_id":56, "menuId":3, "productCode":"sl1", "price":3.0},
 {"_id":57, "menuId":3, "productCode":"sl2", "price":4.0},
 {"_id":58, "menuId":3, "productCode":"sl3", "price":5.0},
 {"_id":59, "menuId":3, "productCode":"slx", "price":0.5},
 {"_id":60, "menuId":4, "productCode":"s1", "price":6.0},
 {"_id":61, "menuId":4, "productCode":"s2", "price":7.0},
 {"_id":62, "menuId":4, "productCode":"sx", "price":1.0},
 {"_id":63, "menuId":1, "productCode":"wx", "price":0.5}]