[{"_id":"bs", "productName":"banana split"},
 {"_id":"bf", "productName":"brain freeze"},
 {"_id":"b", "productName":"brownie sundae"},
 {"_id":"dk", "productName":"drink"},
 {"_id":"cx", "productName":"extra cone topping"},
 {"_id":"dx", "productName":"extra dish topping"},
 {"_id":"slx", "productName":"extra slush topping"},
 {"_id":"sx", "productName":"extra sundae topping"},
 {"_id":"wx", "productName":"extra waffle topping"},
 {"_id":"fl", "productName":"float"},
 {"_id":"c1", "productName":"kid cone"},
 {"_id":"d1", "productName":"Kid dish"},
 {"_id":"sl1", "productName":"kid slush"},
 {"_id":"c3", "productName":"large cone"},
 {"_id":"d3", "productName":"large dish"},
 {"_id":"sl3", "productName":"large slush"},
 {"_id":"s2", "productName":"large sundae"},
 {"_id":"ms", "productName":"milkshake"},
 {"_id":"mt", "productName":"monkey tail"},
 {"_id":"pt", "productName":"pint"},
 {"_id":"c2", "productName":"regular cone"},
 {"_id":"d2", "productName":"regular dish"},
 {"_id":"sl2", "productName":"regular slush"},
 {"_id":"s1", "productName":"regular sundae"},
 {"_id":"ss", "productName":"strawberry shortcake"},
 {"_id":"ts", "productName":"turtle sundae"},
 {"_id":"wc", "productName":"waffle cone"}]