[{"_id":1, "productCode":"c1", "compCatId":7, "qty":3.0, "unitId":1, "compId":0},
 {"_id":2, "productCode":"c1", "compCatId":1, "qty":1.0, "unitId":1, "compId":0},
 {"_id":3, "productCode":"c1", "compCatId":12, "qty":1.0, "unitId":3, "compId":53},
 {"_id":4, "productCode":"c1", "compCatId":5, "qty":1.0, "unitId":3, "compId":37},
 {"_id":5, "productCode":"c2", "compCatId":7, "qty":6.0, "unitId":1, "compId":0},
 {"_id":6, "productCode":"c2", "compCatId":1, "qty":1.5, "unitId":1, "compId":0},
 {"_id":7, "productCode":"c2", "compCatId":12, "qty":1.0, "unitId":3, "compId":54},
 {"_id":8, "productCode":"c2", "compCatId":5, "qty":1.0, "unitId":3, "compId":37},
 {"_id":9, "productCode":"c3", "compCatId":7, "qty":8.0, "unitId":1, "compId":0},
 {"_id":10, "productCode":"c3", "compCatId":1, "qty":2.0, "unitId":1, "compId":0},
 {"_id":11, "productCode":"c3", "compCatId":12, "qty":1.0, "unitId":3, "compId":54},
 {"_id":12, "productCode":"c3", "compCatId":5, "qty":1.0, "unitId":3, "compId":37},
 {"_id":13, "productCode":"wc", "compCatId":7, "qty":6.0, "unitId":1, "compId":0},
 {"_id":14, "productCode":"wc", "compCatId":1, "qty":1.5, "unitId":1, "compId":0},
 {"_id":15, "productCode":"wc", "compCatId":12, "qty":1.0, "unitId":3, "compId":55},
 {"_id":16, "productCode":"wc", "compCatId":5, "qty":1.0, "unitId":3, "compId":37},
 {"_id":17, "productCode":"cx", "compCatId":1, "qty":1.0, "unitId":1, "compId":0},
 {"_id":18, "productCode":"mt", "compCatId":17, "qty":1.0, "unitId":3, "compId":70},
 {"_id":19, "productCode":"d1", "compCatId":7, "qty":3.0, "unitId":1, "compId":0},
 {"_id":20, "productCode":"d1", "compCatId":1, "qty":1.0, "unitId":1, "compId":0},
 {"_id":21, "productCode":"d1", "compCatId":13, "qty":1.0, "unitId":3, "compId":40},
 {"_id":22, "productCode":"d1", "compCatId":14, "qty":1.0, "unitId":3, "compId":50},
 {"_id":23, "productCode":"d1", "compCatId":5, "qty":1.0, "unitId":3, "compId":38},
 {"_id":24, "productCode":"d2", "compCatId":7, "qty":6.0, "unitId":1, "compId":0},
 {"_id":25, "productCode":"d2", "compCatId":1, "qty":1.5, "unitId":1, "compId":0},
 {"_id":26, "productCode":"d2", "compCatId":13, "qty":1.0, "unitId":3, "compId":40},
 {"_id":27, "productCode":"d2", "compCatId":14, "qty":1.0, "unitId":3, "compId":51},
 {"_id":28, "productCode":"d2", "compCatId":5, "qty":1.0, "unitId":3, "compId":38},
 {"_id":29, "productCode":"d3", "compCatId":7, "qty":8.0, "unitId":1, "compId":0},
 {"_id":30, "productCode":"d3", "compCatId":1, "qty":2.0, "unitId":1, "compId":0},
 {"_id":31, "productCode":"d3", "compCatId":14, "qty":1.0, "unitId":3, "compId":52},
 {"_id":32, "productCode":"d3", "compCatId":13, "qty":1.0, "unitId":3, "compId":40},
 {"_id":33, "productCode":"d3", "compCatId":5, "qty":1.0, "unitId":3, "compId":38},
 {"_id":34, "productCode":"dx", "compCatId":1, "qty":1.0, "unitId":1, "compId":0},
 {"_id":35, "productCode":"sl1", "compCatId":11, "qty":12.0, "unitId":1, "compId":0},
 {"_id":36, "productCode":"sl1", "compCatId":8, "qty":12.0, "unitId":1, "compId":56},
 {"_id":37, "productCode":"sl1", "compCatId":14, "qty":1.0, "unitId":3, "compId":44},
 {"_id":38, "productCode":"sl1", "compCatId":15, "qty":1.0, "unitId":3, "compId":45},
 {"_id":39, "productCode":"sl1", "compCatId":16, "qty":1.0, "unitId":3, "compId":42},
 {"_id":40, "productCode":"sl1", "compCatId":2, "qty":0.25, "unitId":1, "compId":0},
 {"_id":41, "productCode":"sl1", "compCatId":5, "qty":1.0, "unitId":3, "compId":38},
 {"_id":42, "productCode":"sl2", "compCatId":11, "qty":20.0, "unitId":1, "compId":0},
 {"_id":43, "productCode":"sl2", "compCatId":8, "qty":20.0, "unitId":1, "compId":56},
 {"_id":44, "productCode":"sl2", "compCatId":14, "qty":1.0, "unitId":3, "compId":46},
 {"_id":45, "productCode":"sl2", "compCatId":15, "qty":1.0, "unitId":3, "compId":47},
 {"_id":46, "productCode":"sl2", "compCatId":16, "qty":1.0, "unitId":3, "compId":42},
 {"_id":47, "productCode":"sl2", "compCatId":2, "qty":0.5, "unitId":1, "compId":0},
 {"_id":48, "productCode":"sl2", "compCatId":5, "qty":1.0, "unitId":3, "compId":38},
 {"_id":49, "productCode":"sl3", "compCatId":11, "qty":32.0, "unitId":1, "compId":0},
 {"_id":50, "productCode":"sl3", "compCatId":8, "qty":32.0, "unitId":1, "compId":56},
 {"_id":51, "productCode":"sl3", "compCatId":14, "qty":1.0, "unitId":3, "compId":48},
 {"_id":52, "productCode":"sl3", "compCatId":15, "qty":1.0, "unitId":3, "compId":49},
 {"_id":53, "productCode":"sl3", "compCatId":16, "qty":1.0, "unitId":3, "compId":43},
 {"_id":54, "productCode":"sl3", "compCatId":2, "qty":0.75, "unitId":1, "compId":0},
 {"_id":55, "productCode":"sl3", "compCatId":5, "qty":1.0, "unitId":3, "compId":38},
 {"_id":56, "productCode":"slx", "compCatId":2, "qty":0.5, "unitId":1, "compId":0},
 {"_id":57, "productCode":"bf", "compCatId":7, "qty":5.0, "unitId":1, "compId":0},
 {"_id":58, "productCode":"bf", "compCatId":11, "qty":18.0, "unitId":1, "compId":0},
 {"_id":59, "productCode":"bf", "compCatId":8, "qty":18.0, "unitId":1, "compId":56},
 {"_id":60, "productCode":"bf", "compCatId":14, "qty":1.0, "unitId":3, "compId":46},
 {"_id":61, "productCode":"bf", "compCatId":16, "qty":1.0, "unitId":3, "compId":43},
 {"_id":62, "productCode":"bf", "compCatId":13, "qty":1.0, "unitId":3, "compId":41},
 {"_id":63, "productCode":"fl", "compCatId":7, "qty":6.0, "unitId":1, "compId":0},
 {"_id":64, "productCode":"fl", "compCatId":9, "qty":1.0, "unitId":2, "compId":0},
 {"_id":65, "productCode":"fl", "compCatId":14, "qty":1.0, "unitId":3, "compId":46},
 {"_id":66, "productCode":"fl", "compCatId":16, "qty":1.0, "unitId":3, "compId":43},
 {"_id":67, "productCode":"fl", "compCatId":13, "qty":1.0, "unitId":3, "compId":41},
 {"_id":68, "productCode":"dk", "compCatId":9, "qty":1.0, "unitId":2, "compId":0},
 {"_id":69, "productCode":"b", "compCatId":7, "qty":6.0, "unitId":1, "compId":0},
 {"_id":70, "productCode":"b", "compCatId":1, "qty":1.5, "unitId":1, "compId":15},
 {"_id":71, "productCode":"b", "compCatId":1, "qty":1.5, "unitId":1, "compId":21},
 {"_id":72, "productCode":"b", "compCatId":1, "qty":1.5, "unitId":1, "compId":8},
 {"_id":73, "productCode":"b", "compCatId":18, "qty":1.0, "unitId":3, "compId":11},
 {"_id":74, "productCode":"b", "compCatId":4, "qty":1.0, "unitId":3, "compId":34},
 {"_id":75, "productCode":"b", "compCatId":14, "qty":1.0, "unitId":3, "compId":71},
 {"_id":76, "productCode":"b", "compCatId":13, "qty":1.0, "unitId":3, "compId":40},
 {"_id":77, "productCode":"b", "compCatId":5, "qty":1.0, "unitId":3, "compId":38},
 {"_id":78, "productCode":"ss", "compCatId":7, "qty":6.0, "unitId":1, "compId":0},
 {"_id":79, "productCode":"ss", "compCatId":1, "qty":1.5, "unitId":1, "compId":21},
 {"_id":80, "productCode":"ss", "compCatId":18, "qty":4.0, "unitId":1, "compId":72},
 {"_id":81, "productCode":"ss", "compCatId":4, "qty":1.0, "unitId":3, "compId":35},
 {"_id":82, "productCode":"ss", "compCatId":14, "qty":1.0, "unitId":3, "compId":71},
 {"_id":83, "productCode":"ss", "compCatId":13, "qty":1.0, "unitId":3, "compId":40},
 {"_id":84, "productCode":"ss", "compCatId":5, "qty":1.0, "unitId":3, "compId":38},
 {"_id":85, "productCode":"ss", "compCatId":18, "qty":1.0, "unitId":3, "compId":11},
 {"_id":86, "productCode":"ts", "compCatId":7, "qty":8.0, "unitId":1, "compId":0},
 {"_id":87, "productCode":"ts", "compCatId":1, "qty":1.5, "unitId":1, "compId":15},
 {"_id":88, "productCode":"ts", "compCatId":1, "qty":1.5, "unitId":1, "compId":12},
 {"_id":89, "productCode":"ts", "compCatId":1, "qty":1.5, "unitId":1, "compId":8},
 {"_id":90, "productCode":"ts", "compCatId":1, "qty":1.5, "unitId":1, "compId":21},
 {"_id":91, "productCode":"ts", "compCatId":18, "qty":1.0, "unitId":3, "compId":11},
 {"_id":92, "productCode":"ts", "compCatId":14, "qty":1.0, "unitId":3, "compId":71},
 {"_id":93, "productCode":"ts", "compCatId":13, "qty":1.0, "unitId":3, "compId":40},
 {"_id":94, "productCode":"ts", "compCatId":5, "qty":1.0, "unitId":3, "compId":38},
 {"_id":95, "productCode":"bs", "compCatId":7, "qty":8.0, "unitId":1, "compId":0},
 {"_id":96, "productCode":"bs", "compCatId":1, "qty":1.5, "unitId":1, "compId":21},
 {"_id":97, "productCode":"bs", "compCatId":1, "qty":1.5, "unitId":1, "compId":8},
 {"_id":98, "productCode":"bs", "compCatId":1, "qty":1.5, "unitId":1, "compId":15},
 {"_id":99, "productCode":"bs", "compCatId":18, "qty":4.0, "unitId":1, "compId":33},
 {"_id":100, "productCode":"bs", "compCatId":18, "qty":1.0, "unitId":3, "compId":11},
 {"_id":101, "productCode":"bs", "compCatId":18, "qty":4.0, "unitId":1, "compId":72},
 {"_id":102, "productCode":"bs", "compCatId":18, "qty":4.0, "unitId":1, "compId":73},
 {"_id":103, "productCode":"bs", "compCatId":14, "qty":1.0, "unitId":3, "compId":71},
 {"_id":104, "productCode":"bs", "compCatId":13, "qty":1.0, "unitId":3, "compId":40},
 {"_id":105, "productCode":"bs", "compCatId":5, "qty":1.0, "unitId":3, "compId":38},
 {"_id":106, "productCode":"sx", "compCatId":1, "qty":5.0, "unitId":1, "compId":0},
 {"_id":107, "productCode":"ms", "compCatId":7, "qty":6.0, "unitId":1, "compId":0},
 {"_id":108, "productCode":"ms", "compCatId":8, "qty":0.75, "unitId":4, "compId":64},
 {"_id":109, "productCode":"ms", "compCatId":13, "qty":1.0, "unitId":3, "compId":41},
 {"_id":110, "productCode":"ms", "compCatId":14, "qty":1.0, "unitId":3, "compId":46},
 {"_id":111, "productCode":"ms", "compCatId":15, "qty":1.0, "unitId":3, "compId":47},
 {"_id":112, "productCode":"ms", "compCatId":16, "qty":1.0, "unitId":3, "compId":43},
 {"_id":113, "productCode":"ms", "compCatId":1, "qty":1.0, "unitId":1, "compId":0},
 {"_id":114, "productCode":"ms", "compCatId":5, "qty":1.0, "unitId":3, "compId":38},
 {"_id":115, "productCode":"s1", "compCatId":7, "qty":6.0, "unitId":1, "compId":0},
 {"_id":116, "productCode":"s1", "compCatId":1, "qty":1.0, "unitId":1, "compId":21},
 {"_id":117, "productCode":"s1", "compCatId":1, "qty":1.0, "unitId":1, "compId":0},
 {"_id":118, "productCode":"s1", "compCatId":18, "qty":1.0, "unitId":3, "compId":11},
 {"_id":119, "productCode":"s1", "compCatId":14, "qty":1.0, "unitId":3, "compId":51},
 {"_id":120, "productCode":"s1", "compCatId":13, "qty":1.0, "unitId":3, "compId":40},
 {"_id":121, "productCode":"s1", "compCatId":5, "qty":1.0, "unitId":3, "compId":38},
 {"_id":122, "productCode":"s2", "compCatId":7, "qty":8.0, "unitId":1, "compId":0},
 {"_id":123, "productCode":"s2", "compCatId":1, "qty":1.5, "unitId":1, "compId":21},
 {"_id":124, "productCode":"s2", "compCatId":1, "qty":1.5, "unitId":1, "compId":0},
 {"_id":125, "productCode":"s2", "compCatId":18, "qty":1.0, "unitId":3, "compId":11},
 {"_id":126, "productCode":"s2", "compCatId":14, "qty":1.0, "unitId":3, "compId":52},
 {"_id":127, "productCode":"s2", "compCatId":13, "qty":1.0, "unitId":3, "compId":40},
 {"_id":128, "productCode":"s2", "compCatId":5, "qty":1.0, "unitId":3, "compId":38},
 {"_id":129, "productCode":"wx", "compCatId":1, "qty":1.0, "unitId":1, "compId":0}]